cnpj,ano,trimestre,valor
00006037000127,2025,1,24729411.76
00006037000127,2025,2,46417970.85
00006037000127,2025,3,68297194.78
00012698000165,2025,1,3772775.0
00012698000165,2025,2,8177959.81
00012698000165,2025,3,14278096.82
00034259000153,2025,1,6629510.58
00034259000153,2025,2,13149991.73
00034259000153,2025,3,19252669.63
00103956000119,2025,1,28729013.43
00103956000119,2025,2,57581994.7
00103956000119,2025,3,86687647.99
00111826000128,2025,1,31074591.17
00111826000128,2025,2,67688771.51
00111826000128,2025,3,106282788.27
00147571000153,2025,1,12551573.88
00147571000153,2025,2,26430650.24
00147571000153,2025,3,39924860.79
00172586000171,2025,1,1646750.07
00172586000171,2025,2,2058285.03
00172586000171,2025,3,3263301.0
00200720000109,2025,1,3262438.07
00200720000109,2025,2,7281339.91
00200720000109,2025,3,11350210.14
00262338000111,2025,1,7795606.64
00262338000111,2025,2,15646372.44
00262338000111,2025,3,24707811.03
00299149000113,2025,1,9584541.37
00299149000113,2025,2,21864090.64
00299149000113,2025,3,33069795.28
00304148000110,2025,1,20740389.38
00304148000110,2025,2,43936810.86
00304148000110,2025,3,71061792.08
00307714000147,2025,1,5901435.79
00307714000147,2025,2,9521909.91
00307714000147,2025,3,12879584.55
00338763000147,2025,1,55073479.63
00338763000147,2025,2,113681799.6
00338763000147,2025,3,168066113.01
00342481000113,2025,1,7160791.16
00342481000113,2025,2,14502441.47
00342481000113,2025,3,22115699.11
00361325000108,2025,1,241599986.26
00361325000108,2025,2,499674603.46
00361325000108,2025,3,763390244.45
00366982000130,2025,1,30440159.68
00366982000130,2025,2,54324591.2
00366982000130,2025,3,85369517.26
00368318000120,2025,1,12431292.61
00368318000120,2025,2,27869222.72
00368318000120,2025,3,44163540.23
00381694000154,2025,1,19208762.86
00381694000154,2025,2,39871039.18
00381694000154,2025,3,61585604.35
00395266000180,2025,1,11477004.23
00395266000180,2025,2,24810142.57
00395266000180,2025,3,39930445.13
00444803000135,2025,1,3149957.78
00444803000135,2025,2,6851326.8
00444803000135,2025,3,10347010.62
00453863000114,2025,1,37641327.32
00453863000114,2025,2,76296850.6
00453863000114,2025,3,119609092.34
00461479000163,2025,1,1414729129.27
00461479000163,2025,2,2914273233.25
00461479000163,2025,3,4430731709.41
00494870000164,2025,1,17636719.4
00494870000164,2025,2,35584269.34
00494870000164,2025,3,53197957.77
00531736000196,2025,1,1014204.06
00531736000196,2025,2,2105135.22
00531736000196,2025,3,3342922.31
00532888000103,2025,1,3911941.16
00532888000103,2025,2,9154788.9
00532888000103,2025,3,14714439.92
00552181000169,2025,1,9871010.1
00552181000169,2025,2,21577507.37
00552181000169,2025,3,34212888.61
00571628000147,2025,1,806568.16
00571628000147,2025,2,1684838.61
00571628000147,2025,3,2659162.35
00580481000151,2025,2,13533926.38
00580481000151,2025,3,25494375.89
00628107000189,2025,1,339345947.14
00628107000189,2025,2,669999806.91
00628107000189,2025,3,1012203667.64
00636975000100,2025,1,13005088.27
00636975000100,2025,2,27088291.44
00636975000100,2025,3,42979858.61
00642842000147,2025,1,895068.22
00642842000147,2025,2,1534134.19
00642842000147,2025,3,2393474.47
00648506000101,2025,1,1301686.1
00648506000101,2025,2,2694678.21
00648506000101,2025,3,4063880.58
00660903000107,2025,1,44647215.63
00660903000107,2025,2,92627693.39
00660903000107,2025,3,137906675.57
00665690000106,2025,1,1008044.92
00665690000106,2025,2,2616248.02
00665690000106,2025,3,4135114.55
00668790000188,2025,1,10613737.74
00668790000188,2025,2,24357879.69
00668790000188,2025,3,39205490.96
00697509000135,2025,1,48951221.72
00697509000135,2025,2,104924529.26
00697509000135,2025,3,165412888.14
00730439000170,2025,1,10035306.19
00730439000170,2025,2,19503596.98
00730439000170,2025,3,29040868.69
00747041000146,2025,1,6285381.92
00747041000146,2025,2,13574824.45
00747041000146,2025,3,21291572.47
00763923000103,2025,1,77318.87
00763923000103,2025,2,67110.06
00763923000103,2025,3,96817.14
00773639000100,2025,1,95285979.76
00773639000100,2025,2,205387976.53
00773639000100,2025,3,310615943.07
00826676000139,2025,2,1959451.18
00826676000139,2025,3,3123590.18
00840048000108,2025,1,9054211.01
00840048000108,2025,2,21484933.66
00840048000108,2025,3,33842906.44
00841848000143,2025,1,1695054.63
00841848000143,2025,2,1724764.95
00841848000143,2025,3,2751278.58
00846662000187,2025,1,50080008.11
00846662000187,2025,2,105441118.31
00846662000187,2025,3,163211235.46
00856424000152,2025,1,2470049.83
00856424000152,2025,2,5109739.03
00856424000152,2025,3,15283596.29
00885918000165,2025,1,16400169.11
00885918000165,2025,2,33487985.95
00885918000165,2025,3,52513648.65
00891689000191,2025,1,4243315.52
00891689000191,2025,2,9089338.97
00891689000191,2025,3,14106490.72
00946953000147,2025,1,17291994.5
00946953000147,2025,2,33431300.64
00946953000147,2025,3,51420796.61
00950062000164,2025,1,25783800.63
00950062000164,2025,2,61336936.88
00950062000164,2025,3,94794780.13
01012474000116,2025,1,3123840.54
01012474000116,2025,2,7304836.12
01012474000116,2025,3,11410079.31
01052203000194,2025,1,2540263.96
01052203000194,2025,2,5200972.67
01052203000194,2025,3,8036653.96
01143922000110,2025,1,5481426.31
01143922000110,2025,2,10279336.42
01143922000110,2025,3,15998625.69
01193663000132,2025,1,18628240.88
01193663000132,2025,2,39839827.36
01193663000132,2025,3,59453777.08
01356020000162,2025,1,16823670.56
01356020000162,2025,2,32155153.82
01356020000162,2025,3,49086995.32
01367538000100,2025,1,1262773.79
01367538000100,2025,2,2618186.23
01367538000100,2025,3,4240096.24
01371135000126,2025,1,64547.93
01371135000126,2025,2,168782.68
01371135000126,2025,3,272538.71
01387625000110,2025,1,71064789.46
01387625000110,2025,2,162581764.58
01387625000110,2025,3,258649691.57
01402285000150,2025,1,894511.87
01402285000150,2025,2,1774307.22
01402285000150,2025,3,2633813.12
01445199000124,2025,1,37360059.48
01445199000124,2025,2,76470383.97
01445199000124,2025,3,118389420.66
01476619000130,2025,1,8674214.82
01476619000130,2025,2,17666864.4
01476619000130,2025,3,26502244.0
01554266000149,2025,1,21599507.87
01554266000149,2025,2,46575840.02
01554266000149,2025,3,73333330.05
01559455000104,2025,1,23761669.24
01559455000104,2025,2,49881926.88
01559455000104,2025,3,77193648.87
01569902000106,2025,1,15655349.67
01569902000106,2025,2,32761897.47
01569902000106,2025,3,51066206.31
01608379000180,2025,1,33901106.0
01608379000180,2025,2,74632588.33
01608379000180,2025,3,116433037.04
01647867000104,2025,1,225171.17
01647867000104,2025,2,482526.64
01647867000104,2025,3,776790.64
01648339000161,2025,1,3930553.55
01648339000161,2025,2,29406426.29
01648339000161,2025,3,45011721.09
01659087000176,2025,1,7008542.91
01659087000176,2025,2,15910491.97
01659087000176,2025,3,33271766.77
01672007000112,2025,1,327877.36
01672007000112,2025,2,628262.89
01672007000112,2025,3,949872.53
01685053000156,2025,1,6360692010.44
01685053000156,2025,2,12991834225.43
01685053000156,2025,3,20047570696.4
01773319000112,2025,1,0.0
01773319000112,2025,2,0.0
01773319000112,2025,3,0.0
01867792000169,2025,1,4103796.56
01867792000169,2025,2,8312125.58
01867792000169,2025,3,12213076.08
02009924000184,2025,1,1671527.09
02009924000184,2025,3,2607537.21
02018620000183,2025,1,2827472.18
02018620000183,2025,2,6746839.32
02018620000183,2025,3,10722319.18
02030246000131,2025,1,28161018.18
02030246000131,2025,2,56513705.71
02030246000131,2025,3,87696762.78
02041808000142,2025,1,6364905.83
02041808000142,2025,2,14193274.38
02041808000142,2025,3,21929768.18
02064028000118,2025,1,1084699.55
02064028000118,2025,2,1400434.54
02064028000118,2025,3,2153499.99
02127779000136,2025,1,14621056.39
02127779000136,2025,2,27675412.43
02127779000136,2025,3,39231177.62
02149799000108,2025,1,1422381.65
02149799000108,2025,2,3151023.2
02149799000108,2025,3,5105725.11
02156150000114,2025,1,1184197.53
02156150000114,2025,2,2540129.27
02156150000114,2025,3,4011171.78
02172353000102,2025,1,17771323.75
02172353000102,2025,2,36049672.38
02172353000102,2025,3,55126013.03
02192677000102,2025,1,2544526.85
02192677000102,2025,2,6574826.09
02192677000102,2025,3,10444381.76
02220135000198,2025,1,5299613.7
02220135000198,2025,2,10864090.34
02220135000198,2025,3,17120162.81
02248344000140,2025,1,8829789.0
02248344000140,2025,2,17237308.77
02248344000140,2025,3,25422787.71
02254846000183,2025,1,1086154.28
02254846000183,2025,2,2288773.59
02254846000183,2025,3,3540336.53
02314168000105,2025,1,912829.78
02314168000105,2025,2,1975069.55
02314168000105,2025,3,3060663.52
02315431000172,2025,1,60966577.25
02315431000172,2025,2,130213893.63
02315431000172,2025,3,208621206.54
02322043000119,2025,1,41616243.03
02322043000119,2025,2,84686163.51
02322043000119,2025,3,129467491.4
02338268000163,2025,1,4347354.33
02338268000163,2025,2,9153189.58
02338268000163,2025,3,14226198.53
02403281000159,2025,1,183408719.34
02403281000159,2025,2,375217829.23
02403281000159,2025,3,583437192.72
02476067000122,2025,1,606539170.54
02476067000122,2025,2,1248207240.21
02476067000122,2025,3,1875431459.94
02513939000185,2025,1,1719222.12
02513939000185,2025,2,3361471.76
02513939000185,2025,3,5007333.9
02569472000195,2025,1,621218.84
02569472000195,2025,2,1236405.4
02569472000195,2025,3,1842852.61
02580965000126,2025,1,1280323.88
02580965000126,2025,2,2705088.01
02580965000126,2025,3,4250320.34
02597394000132,2025,1,50566553.02
02597394000132,2025,2,105964666.96
02597394000132,2025,3,163903679.15
02618303000106,2025,1,3855297.31
02618303000106,2025,2,8333682.65
02618303000106,2025,3,12807026.87
02668512000156,2025,1,75318212.19
02668512000156,2025,2,155659028.21
02668512000156,2025,3,232085912.53
02687852000124,2025,1,9999084.13
02687852000124,2025,2,22115733.49
02687852000124,2025,3,34922295.76
02725347000127,2025,1,532364331.52
02725347000127,2025,2,1133339313.24
02725347000127,2025,3,1779106041.96
02751464000165,2025,1,2976340.62
02751464000165,2025,2,6396328.07
02751464000165,2025,3,9720477.08
02752923000125,2025,1,47082680.13
02752923000125,2025,2,98516309.38
02752923000125,2025,3,168212837.87
02753398000162,2025,1,7059441.54
02753398000162,2025,2,16234800.56
02753398000162,2025,3,27807812.53
02774736000142,2025,1,37821427.92
02774736000142,2025,2,76682468.88
02774736000142,2025,3,117645144.65
02812468000106,2025,1,1603725432.27
02812468000106,2025,2,3240599961.22
02812468000106,2025,3,4879495499.11
02849393000138,2025,1,76430767.45
02849393000138,2025,2,155367941.54
02849393000138,2025,3,230817392.01
02852017000100,2025,1,16759328.02
02852017000100,2025,2,31347686.0
02852017000100,2025,3,49722979.2
02858169000102,2025,1,1621567.86
02858169000102,2025,2,3545196.13
02858169000102,2025,3,5430331.87
02862447000103,2025,1,57895631.85
02862447000103,2025,2,116823323.02
02862447000103,2025,3,177981572.23
02864364000145,2025,1,69895466.5
02864364000145,2025,2,140666778.13
02864364000145,2025,3,212572129.27
02866602000151,2025,1,1053537.38
02866602000151,2025,2,23661173.02
02866602000151,2025,3,26919092.09
02888465000156,2025,1,26388334.65
02888465000156,2025,2,48302932.17
02888465000156,2025,3,69569180.54
02896924000143,2025,1,8079987.98
02896924000143,2025,2,17572258.72
02896924000143,2025,3,27363816.27
02903477000102,2025,1,4631440.87
02903477000102,2025,2,10680523.01
02903477000102,2025,3,16823210.52
02919940000104,2025,3,1858605.97
02989632000155,2025,1,5995847.31
02989632000155,2025,2,11300783.49
02989632000155,2025,3,17465204.38
03011072000122,2025,1,117779074.5
03011072000122,2025,2,236001438.97
03011072000122,2025,3,360223380.77
03013779000178,2025,1,2341437.47
03013779000178,2025,2,5256018.08
03013779000178,2025,3,7817305.87
03033006000153,2025,1,43585275.35
03033006000153,2025,2,86880823.2
03033006000153,2025,3,135887359.6
03044492000105,2025,1,2696168.82
03044492000105,2025,2,5027404.53
03044492000105,2025,3,7523037.02
03098226000165,2025,1,14399328.71
03098226000165,2025,2,30691192.81
03098226000165,2025,3,46627267.3
03123146000112,2025,1,4778254.29
03123146000112,2025,2,10535920.47
03123146000112,2025,3,14254727.79
03187913000157,2025,1,1396303.55
03187913000157,2025,2,2868951.25
03187913000157,2025,3,4475875.23
03219363000100,2025,1,1140791.14
03219363000100,2025,2,2476565.63
03219363000100,2025,3,3867936.43
03230123000107,2025,1,18484477.18
03230123000107,2025,2,37735628.89
03230123000107,2025,3,57747130.19
03268622000193,2025,1,5137807.63
03268622000193,2025,2,10833601.19
03268622000193,2025,3,17847734.37
03273825000178,2025,1,22089332.33
03273825000178,2025,2,43589309.96
03273825000178,2025,3,66926139.62
03284505000113,2025,1,0.0
03284505000113,2025,2,0.0
03284505000113,2025,3,0.0
03315918000118,2025,1,207320407.07
03315918000118,2025,2,419456070.52
03315918000118,2025,3,645709368.46
03424929000136,2025,1,43198704.21
03424929000136,2025,2,87489264.33
03424929000136,2025,3,136312569.09
03494031000134,2025,1,1499217.31
03494031000134,2025,2,2815932.59
03494031000134,2025,3,4288318.27
03518900000113,2025,1,97151125.76
03518900000113,2025,2,204575307.07
03518900000113,2025,3,325470913.48
03533726000188,2025,1,322176162.17
03533726000188,2025,2,657586799.13
03533726000188,2025,3,995100758.85
03548273000163,2025,1,1837953.88
03548273000163,2025,2,3888404.49
03548273000163,2025,3,6868971.96
03613857000175,2025,1,2129779.54
03613857000175,2025,2,4560664.05
03613857000175,2025,3,7185229.14
03627391000167,2025,1,2739619.16
03627391000167,2025,2,5362028.32
03627391000167,2025,3,8508029.61
03637776000105,2025,1,6810325.15
03637776000105,2025,2,14772718.42
03637776000105,2025,3,23680208.32
03638220000133,2025,1,14113163.94
03638220000133,2025,2,28266018.84
03638220000133,2025,3,43380301.26
03657699000155,2025,1,145107614.28
03657699000155,2025,2,276077474.46
03657699000155,2025,3,417413566.52
03658432000182,2025,1,1224189803.85
03658432000182,2025,2,2346657264.15
03658432000182,2025,3,3642687401.92
03670297000190,2025,1,845364.74
03670297000190,2025,2,1827224.52
03670297000190,2025,3,3101392.74
03694367000140,2025,1,1044671.99
03694367000140,2025,2,2193204.99
03694367000140,2025,3,3720789.1
03702977000149,2025,1,19594663.92
03702977000149,2025,2,33568627.1
03702977000149,2025,3,48791665.88
03773153000160,2025,1,6708834.7
03773153000160,2025,2,15131467.43
03773153000160,2025,3,25519374.15
03849449000117,2025,1,55536303.01
03849449000117,2025,2,105248769.17
03849449000117,2025,3,145515020.26
03977587000181,2025,1,8042144.72
03977587000181,2025,2,15660588.37
03977587000181,2025,3,23346103.38
03980208000102,2025,1,8622727.49
03980208000102,2025,2,18238358.18
03980208000102,2025,3,29408220.89
03990914000135,2025,1,2175221.68
03990914000135,2025,2,4364149.36
03990914000135,2025,3,6561049.01
04002216000147,2025,1,5821498.98
04002216000147,2025,2,13734492.92
04002216000147,2025,3,20458473.34
04165719000133,2025,1,11632046.35
04165719000133,2025,2,23827795.48
04165719000133,2025,3,38372032.59
04197511000104,2025,1,4641466.84
04197511000104,2025,2,10500310.66
04197511000104,2025,3,16190446.15
04201372000137,2025,1,376347317.08
04201372000137,2025,2,755713367.14
04201372000137,2025,3,1139055607.54
04202013000102,2025,1,39521298.6
04202013000102,2025,2,80223469.36
04202013000102,2025,3,121197697.22
04204285000133,2025,1,15150464.97
04204285000133,2025,2,30948585.95
04204285000133,2025,3,38396409.56
04212174000179,2025,1,1024378.27
04212174000179,2025,2,2010709.24
04212174000179,2025,3,3003964.17
04222235000189,2025,1,1585683.55
04222235000189,2025,2,3145181.67
04222235000189,2025,3,4822198.62
04222989000139,2025,1,4861957.51
04222989000139,2025,2,9799617.19
04222989000139,2025,3,14680517.09
04234059000103,2025,1,818489.09
04234059000103,2025,2,1281530.63
04234059000103,2025,3,1967494.74
04257073000114,2025,1,9680561.76
04257073000114,2025,2,18881426.49
04257073000114,2025,3,28423070.96
04299138000194,2025,1,61834619.22
04299138000194,2025,2,127412449.35
04299138000194,2025,3,190157817.72
04299994000140,2025,2,441658.4
04299994000140,2025,3,645496.62
04311093000126,2025,1,223013526.13
04311093000126,2025,2,452220137.34
04311093000126,2025,3,684633022.22
04430627000133,2025,1,1051624.06
04430627000133,2025,2,2540237.68
04430627000133,2025,3,3987980.35
04439627000102,2025,1,7096486.67
04439627000102,2025,2,10420156.42
04439627000102,2025,3,14906323.44
04463083000106,2025,1,82496034.5
04463083000106,2025,2,166154854.4
04463083000106,2025,3,251244185.15
04487255000181,2025,1,1205194240.59
04487255000181,2025,2,2551076194.89
04487255000181,2025,3,3977157127.83
04503249000170,2025,1,2074564.59
04503249000170,2025,2,5542158.64
04503249000170,2025,3,9574322.28
04540010000170,2025,1,1319460931.64
04540010000170,2025,2,2885892838.06
04540010000170,2025,3,4534185104.08
04558034000157,2025,1,40984908.36
04558034000157,2025,2,86997267.79
04558034000157,2025,3,139540863.07
04574626000162,2025,1,22284895.52
04574626000162,2025,2,46276691.87
04574626000162,2025,3,71107293.62
04612990000170,2025,1,32952688.4
04612990000170,2025,2,62821078.86
04612990000170,2025,3,128632697.22
04745753000187,2025,1,46240321.37
04745753000187,2025,2,97183151.35
04745753000187,2025,3,146566920.35
04839091000104,2025,1,181850.51
04839091000104,2025,2,37997.38
04839091000104,2025,3,93261.5
04859814000137,2025,1,27174540.52
04859814000137,2025,2,56105407.02
04859814000137,2025,3,88520000.22
04911101000175,2025,1,3299209.22
04911101000175,2025,2,6895564.36
04911101000175,2025,3,10842645.0
05011316000100,2025,1,31677645.55
05011316000100,2025,2,66826703.71
05011316000100,2025,3,101772578.34
05029064000139,2025,1,23781357.41
05029064000139,2025,2,49518559.27
05029064000139,2025,3,76881173.15
05455431000166,2025,1,282159.35
05455431000166,2025,2,570319.42
05455431000166,2025,3,929642.14
05657234000120,2025,1,63187066.26
05657234000120,2025,2,139606377.69
05657234000120,2025,3,219635810.34
05774975000190,2025,1,2048703.73
05774975000190,2025,2,4309167.72
05774975000190,2025,3,6581015.27
05814777000103,2025,1,92960689.2
05814777000103,2025,2,204966211.2
05814777000103,2025,3,318950999.37
05868278000107,2025,1,628048750.62
05868278000107,2025,2,1299527482.81
05868278000107,2025,3,1994659926.54
05983170000157,2025,1,9629800.67
05983170000157,2025,2,21454767.68
05983170000157,2025,3,33870101.17
06091170000105,2025,1,22608827.3
06091170000105,2025,2,44827462.65
06091170000105,2025,3,60708665.49
06145428000109,2025,1,601730.21
06145428000109,2025,2,1214887.52
06145428000109,2025,3,2128582.21
06814351000112,2025,1,1428839.03
06814351000112,2025,2,3225241.59
06814351000112,2025,3,4900428.37
07057185000110,2025,1,34153131.6
07057185000110,2025,2,76772104.52
07057185000110,2025,3,138144254.16
07154253000169,2025,1,1068531.01
07154253000169,2025,2,2187146.26
07154253000169,2025,3,3449971.84
07241136000132,2025,1,134337180.41
07241136000132,2025,2,280163653.3
07241136000132,2025,3,434144478.89
07270625000112,2025,1,5852962.1
07270625000112,2025,2,12784281.17
07270625000112,2025,3,20649307.54
07583396000196,2025,1,34643329.44
07583396000196,2025,2,74675062.89
07583396000196,2025,3,119177722.54
07649106000160,2025,1,16312706.45
07649106000160,2025,2,33736120.5
07649106000160,2025,3,53283704.84
07781345000179,2025,1,18237936.28
07781345000179,2025,2,37941418.35
07781345000179,2025,3,60727066.44
07844436000106,2025,1,39409187.52
07844436000106,2025,2,79712426.36
07844436000106,2025,3,122058146.56
07945024000162,2025,1,14884275.22
07945024000162,2025,2,33075323.22
07945024000162,2025,3,54269827.41
08097092000181,2025,1,45328501.42
08097092000181,2025,2,102657208.46
08097092000181,2025,3,159653091.64
08202035000115,2025,1,39208907.06
08202035000115,2025,2,77840876.32
08202035000115,2025,3,118761179.32
08225953000160,2025,1,23701189.83
08225953000160,2025,2,49023885.34
08225953000160,2025,3,75006630.9
08237810000178,2025,1,4458242.11
08237810000178,2025,2,9705056.93
08237810000178,2025,3,14734120.11
08315806000180,2025,1,3720371.32
08315806000180,2025,2,7594121.52
08315806000180,2025,3,12543297.48
08380701000105,2025,1,274672266.16
08380701000105,2025,2,563817103.22
08380701000105,2025,3,864354593.27
08680639000177,2025,1,245019635.12
08680639000177,2025,2,503949903.02
08680639000177,2025,3,775645700.49
08707473000135,2025,1,74449764.16
08707473000135,2025,2,157118637.65
08707473000135,2025,3,242362198.57
08708980000193,2025,1,18167399.28
08708980000193,2025,2,40907020.72
08708980000193,2025,3,64133260.6
08787782000162,2025,1,2547541.06
08787782000162,2025,2,4837330.83
08787782000162,2025,3,7104349.5
08883265000197,2025,1,10961284.36
08883265000197,2025,2,22439428.38
08883265000197,2025,3,34485466.6
09237009000195,2025,1,703688.09
09237009000195,2025,2,1620417.3
09237009000195,2025,3,2527176.23
09306242000182,2025,1,11543820.44
09306242000182,2025,2,23581922.7
09306242000182,2025,3,36049492.27
09433795000104,2025,1,91948117.85
09433795000104,2025,2,178400198.27
09433795000104,2025,3,268808689.39
10219897000100,2025,1,23619999.1
10219897000100,2025,2,44396797.03
10219897000100,2025,3,68025380.83
10364053000145,2025,1,811598.87
10364053000145,2025,2,1786930.5
10364053000145,2025,3,2861907.62
10395358000114,2025,1,73818216.45
10395358000114,2025,2,157820764.29
10395358000114,2025,3,243376663.66
10414182000109,2025,1,19055098.88
10414182000109,2025,2,41748279.49
10414182000109,2025,3,67040518.67
10456692000130,2025,1,389613.02
10456692000130,2025,2,1155083.28
10456692000130,2025,3,1741035.88
10767219000174,2025,1,571094.06
10767219000174,2025,2,1153567.62
10767219000174,2025,3,1845486.19
10796140000171,2025,1,599121.58
10796140000171,2025,2,1259102.52
10796140000171,2025,3,1990219.6
10846369000173,2025,1,0.0
10935483000170,2025,1,33227214.11
10935483000170,2025,2,65715242.15
10935483000170,2025,3,98194437.41
11076382000153,2025,1,6156864.69
11076382000153,2025,2,12554328.75
11076382000153,2025,3,19386751.3
11158465000191,2025,1,0.0
11158465000191,2025,2,0.0
11158465000191,2025,3,0.0
11177786000133,2025,1,16285548.66
11177786000133,2025,2,34430645.96
11177786000133,2025,3,53984001.84
11214624000128,2025,1,352427564.39
11214624000128,2025,2,705936059.72
11214624000128,2025,3,1103898898.42
11336728000105,2025,1,817683.67
11336728000105,2025,2,1992772.69
11336728000105,2025,3,3661818.59
11565995000154,2025,1,821312.65
11565995000154,2025,2,3450053.53
11565995000154,2025,3,9886543.09
11593821000103,2025,1,23301503.96
11593821000103,2025,2,47886756.99
11593821000103,2025,3,72821738.94
11828089000103,2025,1,24766876.79
11828089000103,2025,2,42927394.24
11828089000103,2025,3,69703213.56
11867361000156,2025,1,11089044.41
11867361000156,2025,2,23324463.11
11867361000156,2025,3,37545480.27
11939445000158,2025,1,79987529.2
11939445000158,2025,2,165665956.1
11939445000158,2025,3,255869630.28
11973134000105,2025,1,16229856.62
11973134000105,2025,2,33032512.88
11973134000105,2025,3,49586350.2
11996146000155,2025,1,14500394.46
11996146000155,2025,2,31052008.23
11996146000155,2025,3,49163683.53
12049486000131,2025,1,10840721.17
12049486000131,2025,2,20791404.01
12049486000131,2025,3,31718909.87
12055813000168,2025,1,136569411.1
12055813000168,2025,2,289240007.85
12055813000168,2025,3,418903169.71
12317012000123,2025,3,0.0
12442737000143,2025,1,252571793.11
12442737000143,2025,2,505372770.2
12442737000143,2025,3,766086235.58
12585261000108,2025,1,26734013.09
12585261000108,2025,2,60833525.78
12585261000108,2025,3,93590998.2
12838821000180,2025,1,0.0
12838821000180,2025,2,0.0
12838821000180,2025,3,0.0
12923462000160,2025,1,4060608.92
12923462000160,2025,2,7189599.99
12923462000160,2025,3,10568814.3
13001218000102,2025,1,78079233.13
13001218000102,2025,2,162730437.77
13001218000102,2025,3,237115667.66
13026081000140,2025,1,1425485.53
13026081000140,2025,2,3325647.23
13026081000140,2025,3,6008312.62
13083167000105,2025,1,1046807.97
13083167000105,2025,2,2027600.96
13083167000105,2025,3,3267960.1
13086566000120,2025,1,6105296.57
13086566000120,2025,2,11800819.33
13086566000120,2025,3,18221573.61
13100755000100,2025,1,6805431.69
13100755000100,2025,2,14133027.3
13100755000100,2025,3,22051865.38
13170410000122,2025,1,6286312.01
13170410000122,2025,2,13330213.24
13170410000122,2025,3,21377285.41
13223975000120,2025,1,537026.11
13223975000120,2025,2,42787.27
13360276000122,2025,1,140377218.56
13360276000122,2025,2,272628853.68
13360276000122,2025,3,405431554.69
13816250000146,2025,1,2677120.08
13816250000146,2025,2,5432162.78
13816250000146,2025,3,9020463.39
14408631000159,2025,1,2688043.91
14408631000159,2025,2,5963051.24
14408631000159,2025,3,9672460.16
14576780000127,2025,1,1967815.52
14576780000127,2025,2,4165347.24
14576780000127,2025,3,6190499.94
14674151000130,2025,1,14426.14
14674151000130,2025,2,27551.21
14674151000130,2025,3,33781.05
14799035000147,2025,1,26705614.17
14799035000147,2025,2,53608417.99
14799035000147,2025,3,83442675.51
14891935000110,2025,1,485947.94
14891935000110,2025,2,895985.6
14891935000110,2025,3,1253390.84
14946109000120,2025,1,26422662.84
14946109000120,2025,2,59162001.33
14946109000120,2025,3,92080649.45
15011651000154,2025,1,0.0
15011651000154,2025,2,0.0
15011651000154,2025,3,0.0
15022430000181,2025,1,17244812.56
15022430000181,2025,2,37137007.88
15022430000181,2025,3,58072682.95
15131148000132,2025,1,16756849.44
15131148000132,2025,2,32541248.16
15131148000132,2025,3,50010920.94
15214919000155,2025,1,73551777.82
15214919000155,2025,2,146401884.2
15214919000155,2025,3,217105089.65
15215452000168,2025,1,6815581.45
15215452000168,2025,2,10342613.54
15215452000168,2025,3,14725289.1
15308521000188,2025,1,6732582.72
15308521000188,2025,2,13722210.82
15308521000188,2025,3,21447924.52
15323270000100,2025,1,13607044.11
15323270000100,2025,2,29187808.12
15323270000100,2025,3,49659146.2
15395999000192,2025,1,38566184.38
15395999000192,2025,2,86851998.62
15395999000192,2025,3,138893757.31
15594468000129,2025,1,17891827.33
15594468000129,2025,2,37284865.07
15594468000129,2025,3,58605961.72
15713057000105,2025,1,16211863.08
15713057000105,2025,2,31779237.77
15713057000105,2025,3,48437458.9
16415598000110,2025,1,59617575.89
16415598000110,2025,2,120096501.75
16415598000110,2025,3,182974550.94
16513178000176,2025,1,1326993867.4
16513178000176,2025,2,2743987638.56
16513178000176,2025,3,4280319036.36
16608812000154,2025,1,7471200.33
16608812000154,2025,2,15386735.25
16608812000154,2025,3,24058481.4
16665579000141,2025,1,20938135.77
16665579000141,2025,2,44800814.61
16665579000141,2025,3,68505495.58
16921561000163,2025,1,25637777.07
16921561000163,2025,2,59146901.36
16921561000163,2025,3,90181493.75
16926969000128,2025,1,13837570.36
16926969000128,2025,2,27395787.59
16926969000128,2025,3,44395876.9
16991945000152,2025,1,38608164.19
16991945000152,2025,2,84438118.82
17048922000171,2025,1,152781.96
17048922000171,2025,2,306660.48
17048922000171,2025,3,478543.31
17143876000190,2025,1,2403405.88
17143876000190,2025,2,4821678.04
17143876000190,2025,3,7285855.03
17146846000137,2025,1,5737112.64
17146846000137,2025,2,11611087.22
17146846000137,2025,3,18135913.58
17333055000116,2025,1,1538227.54
17333055000116,2025,2,3788167.37
17333055000116,2025,3,6060637.8
17505793000101,2025,1,45234832.87
17505793000101,2025,2,98125264.16
17505793000101,2025,3,148548328.77
17689407000170,2025,1,128408414.77
17689407000170,2025,2,262622379.14
17689407000170,2025,3,406064541.05
17774738000109,2025,1,94217661.51
17774738000109,2025,2,187842398.08
17774738000109,2025,3,290170797.59
17790718000121,2025,1,178455739.89
17790718000121,2025,2,351335370.27
17790718000121,2025,3,528228306.55
17845504000105,2025,1,35761778.94
17845504000105,2025,2,71765195.48
17845504000105,2025,3,107840044.25
17897995000138,2025,1,14107653.46
17897995000138,2025,2,27258850.07
17897995000138,2025,3,43617498.39
18275071000162,2025,1,0.0
18275071000162,2025,2,0.0
18275071000162,2025,3,0.0
18321477000134,2025,1,119085600.76
18321477000134,2025,2,239853500.42
18321477000134,2025,3,373122903.03
18987107000130,2025,3,4262970.73
19031941000110,2025,1,250403.13
19031941000110,2025,2,250403.13
19240452000179,2025,1,0.0
19240452000179,2025,2,0.0
19240452000179,2025,3,0.0
19304091000187,2025,1,311634.77
19304091000187,2025,2,575542.67
19304091000187,2025,3,869935.51
19512026000147,2025,1,2536993.71
19512026000147,2025,2,4554929.88
19512026000147,2025,3,7158334.84
19663787000108,2025,1,0.0
19663787000108,2025,2,0.0
19663787000108,2025,3,0.0
19691730000104,2025,1,7489460.18
19691730000104,2025,3,22577743.58
19878404000100,2025,1,158596069.24
19878404000100,2025,2,328527767.11
19878404000100,2025,3,518424666.68
19962272000109,2025,1,8154111.43
19962272000109,2025,2,18148728.64
19962272000109,2025,3,28396277.67
19969500000164,2025,1,4861766.63
19969500000164,2025,2,9749995.7
19969500000164,2025,3,14572073.87
20119509000165,2025,1,15362307.3
20119509000165,2025,2,30097355.72
20119509000165,2025,3,46491568.89
20160828000114,2025,1,1582541.58
20160828000114,2025,2,2672342.51
20160828000114,2025,3,4566553.13
20168589000149,2025,1,13746674.5
20168589000149,2025,2,28734422.17
20168589000149,2025,3,45069910.94
20320487000105,2025,1,21675260.11
20320487000105,2025,2,43504780.43
20320487000105,2025,3,69458429.67
20909271000171,2025,1,19761629.54
20909271000171,2025,2,38790625.92
20909271000171,2025,3,61465279.37
20918393000124,2025,1,9865963.2
20918393000124,2025,2,20909502.19
20918393000124,2025,3,29946522.91
20946877000187,2025,1,8838786.07
20946877000187,2025,2,17130834.56
20946877000187,2025,3,26819849.93
20961779000119,2025,1,7583405.57
20961779000119,2025,2,16021061.67
20961779000119,2025,3,24534878.52
21205801000163,2025,1,2477142.7
21205801000163,2025,2,5557124.74
21205801000163,2025,3,8522173.47
21490586000190,2025,1,67853975.58
21490586000190,2025,2,147496588.81
21490586000190,2025,3,223963804.52
21575709000195,2025,1,38513434.5
21575709000195,2025,2,82417843.63
21575709000195,2025,3,131521805.88
21839519000138,2025,1,29741042.65
21839519000138,2025,2,61072346.01
21839519000138,2025,3,97278926.36
22027346000116,2025,1,788933.35
22027346000116,2025,2,2150032.24
22027346000116,2025,3,3713102.88
22263081000155,2025,1,2606520.86
22263081000155,2025,2,5813577.71
22263081000155,2025,3,9599511.65
22666341000133,2025,1,6372970.05
22666341000133,2025,2,13215734.31
22666341000133,2025,3,21171749.18
22694698000125,2025,1,2848.8
22709109000135,2025,1,757403.48
22709109000135,2025,2,1922492.24
22709109000135,2025,3,3065643.56
22720791000167,2025,1,27739091.64
22720791000167,2025,2,59768119.69
22720791000167,2025,3,91475484.58
23031479000129,2025,1,2769928.51
23031479000129,2025,2,5654324.63
23031479000129,2025,3,8234286.75
23053901000147,2025,1,3855833.88
23053901000147,2025,2,9140133.42
23053901000147,2025,3,14564781.09
23278898000160,2025,1,12708670.32
23278898000160,2025,2,26140192.96
23278898000160,2025,3,40177959.53
23557177000199,2025,1,2214820.09
23557177000199,2025,2,4099306.24
23557177000199,2025,3,6426167.13
23725062000166,2025,1,5463962.69
23725062000166,2025,2,10939318.11
23725062000166,2025,3,17130658.61
23802218000165,2025,1,20892275.25
23802218000165,2025,2,45949032.26
23802218000165,2025,3,73450883.32
23869306000184,2025,1,21220219.27
23869306000184,2025,2,51967218.29
23869306000184,2025,3,84512872.23
24243925000121,2025,1,4786366.8
24243925000121,2025,2,9741830.3
24243925000121,2025,3,15212795.95
24294787000100,2025,1,3386245.5
24294787000100,2025,2,6327361.75
24294787000100,2025,3,9013214.17
24449225000198,2025,1,104047887.9
24449225000198,2025,2,216671375.25
24449225000198,2025,3,331413023.93
24645912000189,2025,1,44169153.85
24645912000189,2025,2,89747662.43
24645912000189,2025,3,134232308.87
24676884000167,2025,1,59002483.44
24676884000167,2025,2,121044689.68
24676884000167,2025,3,187275247.3
24729097000136,2025,1,343968.47
24729097000136,2025,2,781012.95
24729097000136,2025,3,997622.63
24807514000111,2025,1,6266876.95
24807514000111,2025,2,13404376.31
24807514000111,2025,3,20435088.44
25063964000100,2025,1,7271916.03
25063964000100,2025,2,16431184.17
25063964000100,2025,3,27662722.82
25064148000110,2025,1,11311383.14
25064148000110,2025,2,23249455.32
25064148000110,2025,3,35874977.47
25141173000150,2025,1,713631.78
25141173000150,2025,2,1393700.89
25141173000150,2025,3,2099745.5
25205234000104,2025,2,8605719.04
25205234000104,2025,3,13415598.62
25250820000162,2025,1,132203582.69
25250820000162,2025,2,283035736.05
25250820000162,2025,3,450016502.85
25329079000120,2025,1,20388450.87
25329079000120,2025,2,45068771.44
25329079000120,2025,3,68046734.27
25335803000128,2025,1,2646384.94
25335803000128,2025,2,5236122.23
25335803000128,2025,3,8237804.91
25471574000179,2025,1,16142454.09
25471574000179,2025,2,30712263.65
25471574000179,2025,3,47084385.93
25686544000180,2025,1,8965161.25
25686544000180,2025,2,19381473.61
25686544000180,2025,3,31340604.67
25810946000144,2025,1,16711245.28
25810946000144,2025,2,39281234.59
25810946000144,2025,3,61399065.14
25906728000108,2025,1,662811.41
25906728000108,2025,2,1498193.93
25906728000108,2025,3,2384196.45
25910449000118,2025,1,18853216.42
25910449000118,2025,2,39744795.74
25910449000118,2025,3,61566261.06
25971433000115,2025,1,17703860.75
25971433000115,2025,2,35103004.51
25971433000115,2025,3,52945778.15
26150979000178,2025,1,8882598.89
26150979000178,2025,2,19083372.52
26150979000178,2025,3,29396832.57
26185199000163,2025,1,4738924.19
26185199000163,2025,2,10112122.83
26185199000163,2025,3,16075893.38
26189530000113,2025,1,27653378.26
26189530000113,2025,2,56039804.92
26189530000113,2025,3,85965725.17
26291484000169,2025,1,13766861.42
26291484000169,2025,2,27391012.57
26291484000169,2025,3,43722355.9
26368613000170,2025,1,9167721.04
26368613000170,2025,2,18386511.0
26368613000170,2025,3,27744924.06
26629238000174,2025,1,36898177.25
26629238000174,2025,2,71925901.31
26629238000174,2025,3,109159899.34
27047334000177,2025,1,490266.37
27047334000177,2025,2,1004405.32
27047334000177,2025,3,1722966.08
27067508000163,2025,1,16124343.55
27067508000163,2025,2,29923887.01
27067508000163,2025,3,44913641.87
27085968000114,2025,1,11404058.95
27085968000114,2025,2,22459290.15
27085968000114,2025,3,38246527.28
27113113000150,2025,1,1516452.39
27113113000150,2025,2,3395318.81
27113113000150,2025,3,5387168.17
27452545000195,2025,1,61558843.68
27452545000195,2025,2,125788780.44
27452545000195,2025,3,189193948.95
27578434000120,2025,1,456988550.14
27578434000120,2025,2,925283690.71
27578434000120,2025,3,1459999048.2
27626696000112,2025,1,15769796.59
27626696000112,2025,2,33196526.71
27626696000112,2025,3,53476382.58
28023703000154,2025,1,478448.91
28023703000154,2025,2,1223637.54
28023703000154,2025,3,2049742.37
28310835000167,2025,1,1484944.68
28310835000167,2025,3,0.0
28311619000136,2025,1,0.0
28311619000136,2025,2,0.0
28311619000136,2025,3,0.0
28502128000172,2025,1,20913505.93
28502128000172,2025,2,40504220.9
28502128000172,2025,3,61248746.56
28630531000187,2025,1,233143699.37
28630531000187,2025,2,447561043.68
28630531000187,2025,3,715508786.35
28633372000174,2025,1,10975343.38
28633372000174,2025,2,22148368.96
28633372000174,2025,3,40517696.7
28714533000154,2025,1,90339321.23
28714533000154,2025,2,186479131.93
28714533000154,2025,3,274945565.74
28806545000109,2025,1,43696113.83
28806545000109,2025,2,87455525.2
28806545000109,2025,3,134659103.16
28953753000130,2025,1,1120459.57
28953753000130,2025,2,2226702.12
28953753000130,2025,3,3595069.69
28974020000182,2025,1,15225102.2
28974020000182,2025,2,31639993.46
28974020000182,2025,3,47523235.92
29117294000118,2025,1,376454.29
29117294000118,2025,3,327538.66
29135795000127,2025,1,98634264.65
29135795000127,2025,2,202880823.22
29135795000127,2025,3,301736996.64
29167970000168,2025,1,3091834.96
29167970000168,2025,2,6153640.88
29167970000168,2025,3,9656015.65
29174910000172,2025,1,10046468.75
29174910000172,2025,2,27431837.35
29174910000172,2025,3,61167461.29
29290152000158,2025,1,26849551.19
29290152000158,2025,2,57746445.34
29290152000158,2025,3,90221474.88
29309127000179,2025,1,5320013593.04
29309127000179,2025,2,10839042884.31
29309127000179,2025,3,16520110697.94
29640612000120,2025,1,8716081.01
29640612000120,2025,2,21393216.75
29640612000120,2025,3,35380820.19
29754208000188,2025,1,609816.24
29754208000188,2025,2,2202235.11
29754208000188,2025,3,4489517.21
29780384000194,2025,1,935937.41
29780384000194,2025,2,1956558.78
29780384000194,2025,3,3054185.52
29910807000143,2025,1,3616294.03
29910807000143,2025,2,7220908.63
29910807000143,2025,3,12024314.37
30036685000197,2025,1,78780076.37
30036685000197,2025,2,151135184.8
30036685000197,2025,3,229483733.91
30417661000188,2025,1,25704190.69
30417661000188,2025,2,53734555.32
30417661000188,2025,3,84054732.52
30460075000116,2025,1,36316706.48
30460075000116,2025,2,74095959.55
30460075000116,2025,3,120503553.87
30505523000150,2025,1,3344445.7
30505523000150,2025,2,3344445.7
30505523000150,2025,3,4147627.69
30724638000136,2025,1,1358108.8
30724638000136,2025,2,2793703.73
30724638000136,2025,3,4013116.69
31097886000167,2025,1,4246798.36
31097886000167,2025,2,6286661.14
31240963000196,2025,1,23027132.97
31240963000196,2025,2,50891781.88
31240963000196,2025,3,80824158.13
31432792000105,2025,1,1185440919.63
31432792000105,2025,2,2395955826.02
31432792000105,2025,3,3613776150.41
31466949000105,2025,1,348229978.42
31466949000105,2025,2,737351163.02
31466949000105,2025,3,1213177893.18
31596055000130,2025,1,228946.14
31596055000130,2025,2,416773.42
31596055000130,2025,3,611619.34
31763326000102,2025,1,225.39
31763326000102,2025,2,44905.01
31763326000102,2025,3,756463.52
31787625000179,2025,1,28991675.01
31787625000179,2025,2,48511071.58
31787625000179,2025,3,71684442.83
31925548000176,2025,1,502737234.24
31925548000176,2025,2,1012863450.12
31925548000176,2025,3,1590274861.63
32421708000102,2025,1,13248066.98
32421708000102,2025,2,33522782.96
32421708000102,2025,3,57858804.19
32440968000125,2025,1,98591544.35
32440968000125,2025,2,203546135.98
32440968000125,2025,3,309801384.8
33379144000150,2025,1,13447817.12
33379144000150,2025,2,24706430.45
33379144000150,2025,3,40651897.45
33546979000157,2025,1,23403090.78
33546979000157,2025,2,46807676.41
33546979000157,2025,3,73063177.93
33601568000117,2025,1,886413.49
33601568000117,2025,2,2351240.59
33601568000117,2025,3,3279364.79
33719485000127,2025,1,1821923779.06
33719485000127,2025,2,3836944482.05
33719485000127,2025,3,5933317383.63
33721226000130,2025,1,15127374.6
33721226000130,2025,2,30653315.03
33721226000130,2025,3,47126791.54
33922160000147,2025,1,0.0
33922160000147,2025,2,0.17
33922160000147,2025,3,0.17
34011288000111,2025,1,7661832.38
34011288000111,2025,2,14269458.03
34011288000111,2025,3,20009984.42
34063123000193,2025,1,3188270.48
34063123000193,2025,2,4811496.75
34063123000193,2025,3,10916185.09
34266553000102,2025,1,91207494.34
34266553000102,2025,2,204258531.68
34266553000102,2025,3,350509294.33
34269803000168,2025,1,72897411.63
34269803000168,2025,2,155878676.5
34269803000168,2025,3,236682508.02
34539000000186,2025,1,61580643.9
34539000000186,2025,2,136842248.95
34539000000186,2025,3,217269796.46
34673588000166,2025,1,0.0
34673588000166,2025,2,0.0
34673588000166,2025,3,0.0
34732056000152,2025,1,4131747.65
34732056000152,2025,2,8299016.61
34732056000152,2025,3,14541059.27
34844263000107,2025,1,13257333.35
34844263000107,2025,2,25914423.11
34844263000107,2025,3,46688913.46
34907159000106,2025,1,1006362.67
34907159000106,2025,2,1395579.77
34907159000106,2025,3,2485439.08
35436658000125,2025,1,1084975.51
35436658000125,2025,2,2274998.2
35436658000125,2025,3,3447719.47
35617257000171,2025,1,9249631.6
35617257000171,2025,2,21190646.0
35617257000171,2025,3,32103820.24
35642768000143,2025,1,34219043.08
35642768000143,2025,2,70797934.98
35642768000143,2025,3,107467350.44
35657268000185,2025,1,14613755.83
35657268000185,2025,2,30139136.91
35657268000185,2025,3,49963243.52
35830868000101,2025,1,98326890.27
35830868000101,2025,2,214844524.81
35830868000101,2025,3,336581569.06
35908607000159,2025,1,977782.98
35908607000159,2025,2,2179878.38
35908607000159,2025,3,3253866.41
35917970000130,2025,1,103136112.49
35917970000130,2025,2,209169245.17
35917970000130,2025,3,319674532.96
35988963000120,2025,1,30735792.89
35988963000120,2025,2,62645540.15
35988963000120,2025,3,101656205.03
36186642000174,2025,1,868650.49
36186642000174,2025,2,1563711.3
36186642000174,2025,3,2262236.46
36263502000152,2025,1,1577022.52
36263502000152,2025,2,3083429.75
36263502000152,2025,3,5068751.25
36503186000149,2025,1,85271230.7
36503186000149,2025,2,183961958.04
36503186000149,2025,3,299940659.04
36540979000138,2025,1,16579706.97
36540979000138,2025,2,31679139.96
36540979000138,2025,3,47025844.27
36567721000125,2025,1,23026981.04
36567721000125,2025,2,45361007.56
36567721000125,2025,3,66717064.62
37020290000145,2025,1,5750070.56
37020290000145,2025,2,13504683.72
37020290000145,2025,3,21675766.53
37035441000139,2025,1,13069639.11
37035441000139,2025,2,52671288.44
37035441000139,2025,3,114283799.48
37135365000133,2025,1,18062624.47
37135365000133,2025,2,37423280.41
37135365000133,2025,3,55371055.85
37256591000172,2025,1,1541897.63
37256591000172,2025,2,3034540.97
37256591000172,2025,3,4554328.88
37275625000176,2025,1,53956546.13
37275625000176,2025,2,105586275.1
37275625000176,2025,3,165002304.33
37313475000148,2025,1,34555131.88
37313475000148,2025,2,67663031.69
37313475000148,2025,3,100611799.04
37319040000100,2025,2,4398249.55
37319040000100,2025,3,7198961.15
37354048000108,2025,2,4309234.67
37382009000114,2025,1,23347197.14
37382009000114,2025,2,45247506.51
37382009000114,2025,3,71260053.41
37436920000167,2025,1,29450789.28
37436920000167,2025,2,60020547.53
37436920000167,2025,3,93148957.31
37442364000131,2025,1,0.0
37442364000131,2025,2,0.0
37442364000131,2025,3,0.0
37496767000163,2025,1,430767.0
37496767000163,2025,2,958045.74
37496767000163,2025,3,1459835.2
37652765000116,2025,1,3918374.24
37652765000116,2025,2,8264181.79
37652765000116,2025,3,13782818.25
37880952000157,2025,1,19432786.35
37880952000157,2025,2,39091853.55
37880952000157,2025,3,60862057.42
37898335000189,2025,1,9581090.21
37898335000189,2025,2,19859327.66
37898335000189,2025,3,31370774.91
38272479000198,2025,1,4724455.75
38272479000198,2025,2,11891150.32
38272479000198,2025,3,21047177.99
38499547000156,2025,1,59400741.43
38499547000156,2025,2,121043963.68
38499547000156,2025,3,188423146.25
39149389000177,2025,1,20145.68
39149389000177,2025,2,58020.64
39149389000177,2025,3,102584.8
39210844000100,2025,1,18974640.65
39210844000100,2025,2,40782418.35
39210844000100,2025,3,66405785.58
39384664000137,2025,1,44831438.2
39384664000137,2025,2,92237289.64
39384664000137,2025,3,144449482.02
39419809000198,2025,1,105221473.72
39419809000198,2025,2,225444017.49
39419809000198,2025,3,354556305.35
39427632000171,2025,1,30838913.81
39427632000171,2025,2,43188352.46
39427632000171,2025,3,33191605.67
40038813000195,2025,1,506659.62
40038813000195,2025,2,1658864.41
40038813000195,2025,3,2858933.71
40187311000126,2025,1,23867702.76
40187311000126,2025,2,42864445.5
40187311000126,2025,3,58963369.22
40223893000159,2025,1,3106742.67
40223893000159,2025,2,6604255.39
40223893000159,2025,3,10135635.36
40246859000108,2025,2,183297.47
40246859000108,2025,3,548509.12
40294225000112,2025,1,60148720.57
40294225000112,2025,2,126164827.0
40294225000112,2025,3,197136701.3
40853020000120,2025,1,92513562.33
40853020000120,2025,2,187318817.04
40853020000120,2025,3,286915922.52
40960189000189,2025,1,198.58
40960189000189,2025,2,2616.66
40960189000189,2025,3,4515.65
41077489000187,2025,2,133992296.94
41077489000187,2025,3,197445078.81
41248894000110,2025,1,2922346.6
41248894000110,2025,2,7638837.46
41248894000110,2025,3,12199345.8
41369935000127,2025,1,352014.83
41369935000127,2025,2,691057.47
41369935000127,2025,3,1003844.53
41432461000110,2025,1,13980899.16
41432461000110,2025,2,33226456.49
41432461000110,2025,3,57822769.66
41511429000120,2025,1,6736715.4
41511429000120,2025,2,14080335.54
41511429000120,2025,3,20991720.15
41687179000184,2025,1,12203787.16
41687179000184,2025,2,24660019.89
41687179000184,2025,3,39978083.0
41715325000138,2025,1,0.0
41715325000138,2025,2,2840.0
41715325000138,2025,3,2840.0
41781949000153,2025,1,23947657.09
41781949000153,2025,2,52876188.88
41781949000153,2025,3,83794074.05
41871989000196,2025,1,14557179.87
41871989000196,2025,2,28521176.99
41871989000196,2025,3,44476632.0
41905498000119,2025,1,8298927.19
41905498000119,2025,2,17181089.75
41905498000119,2025,3,28900581.13
41929347000109,2025,1,1333585.26
41929347000109,2025,2,2523386.55
41929347000109,2025,3,3777397.11
42043067000153,2025,1,30302387.0
42043067000153,2025,2,58813712.55
42043067000153,2025,3,86736471.66
42160192000143,2025,1,67366195.08
42160192000143,2025,2,159943319.52
42160192000143,2025,3,260590626.51
42163881000101,2025,2,43905275.41
42182170000184,2025,1,58779300.54
42182170000184,2025,2,123819747.83
42182170000184,2025,3,189679416.3
42209475000132,2025,1,0.0
42209475000132,2025,2,0.0
42425561000182,2025,1,1349689.81
42425561000182,2025,2,2684814.87
42425561000182,2025,3,2499403.42
42465310000121,2025,1,1680720.58
42465310000121,2025,2,3525658.57
42465310000121,2025,3,6654831.48
42785902000120,2025,1,182561.22
42785902000120,2025,2,502591.14
42785902000120,2025,3,913832.35
42855999000109,2025,1,9210445.24
42855999000109,2025,2,18344277.53
42855999000109,2025,3,30727904.74
42889436000123,2025,1,11090679.98
42889436000123,2025,2,23801599.69
42889436000123,2025,3,36696490.05
42892281000184,2025,1,70554984.81
42892281000184,2025,2,148862928.44
42892281000184,2025,3,229406650.27
42936518000181,2025,1,6608296.55
42936518000181,2025,2,15752030.06
42936518000181,2025,3,27048782.85
42939207000176,2025,1,2509608.14
42939207000176,2025,2,4843723.01
42939207000176,2025,3,7269409.53
42940528000190,2025,1,21327551.93
42940528000190,2025,2,44313719.46
42940528000190,2025,3,68108512.32
42946061000196,2025,1,7485617.16
42946061000196,2025,2,15856479.89
42946061000196,2025,3,24689552.66
43047552000168,2025,1,0.0
43047552000168,2025,2,0.0
43047552000168,2025,3,0.0
43079723000130,2025,1,2745276.81
43079723000130,2025,2,8827553.17
43079723000130,2025,3,8827553.17
43293604000186,2025,1,205749484.27
43293604000186,2025,2,447034164.11
43293604000186,2025,3,662366558.64
43643139000166,2025,1,325879655.03
43643139000166,2025,2,611684334.95
43643139000166,2025,3,939046852.29
44456036000150,2025,1,122585549.87
44456036000150,2025,2,254957127.42
44456036000150,2025,3,397428664.8
44477823000188,2025,1,66088065.98
44477823000188,2025,2,121182324.68
44477823000188,2025,3,149697440.0
44595858000111,2025,1,2726073.09
44595858000111,2025,2,6510668.7
44595858000111,2025,3,10293846.15
44649812000138,2025,1,2324392955.22
44649812000138,2025,2,5088413413.39
44649812000138,2025,3,7761739658.56
44663631000166,2025,1,43748678.28
44663631000166,2025,2,91761009.0
44663631000166,2025,3,141276585.33
44673382000190,2025,1,555479030.68
44673382000190,2025,2,1182156279.04
44673382000190,2025,3,1859257411.31
44803922000102,2025,1,150834801.75
44803922000102,2025,2,313049009.75
44803922000102,2025,3,478871009.48
44857357000166,2025,1,89408933.66
44857357000166,2025,2,180019223.63
44857357000166,2025,3,241725766.71
44863959000126,2025,1,106013723.71
44863959000126,2025,2,225075974.23
44863959000126,2025,3,363628155.94
44945962000199,2025,1,1008771.89
44945962000199,2025,2,1906361.44
44945962000199,2025,3,2802710.63
45050963000138,2025,1,123798.39
45050963000138,2025,2,193847.65
45050963000138,2025,3,205684.38
45100138000109,2025,1,299531883.53
45100138000109,2025,2,625659693.57
45100138000109,2025,3,979689796.82
45118429000116,2025,1,31111696.36
45118429000116,2025,2,59271435.7
45118429000116,2025,3,92030028.16
45171402000197,2025,1,11542431.38
45171402000197,2025,2,23321428.86
45171402000197,2025,3,36027061.68
45207131000182,2025,1,16955857.7
45207131000182,2025,2,34241391.59
45207131000182,2025,3,54301537.18
45232246000127,2025,1,191025952.0
45232246000127,2025,2,398218212.97
45232246000127,2025,3,615005472.58
45272366000158,2025,1,79962147.88
45272366000158,2025,2,169798622.11
45272366000158,2025,3,262206415.06
45309606000141,2025,1,82022598.47
45309606000141,2025,2,172182021.89
45309606000141,2025,3,266175357.23
45359213000142,2025,1,124873997.5
45359213000142,2025,2,252463291.44
45359213000142,2025,3,388222646.03
45399961000159,2025,1,262978468.78
45399961000159,2025,2,554779174.45
45399961000159,2025,3,862959211.14
45425899000122,2025,1,59072644.98
45425899000122,2025,2,127057026.39
45425899000122,2025,3,180572744.36
45467404000128,2025,1,7138221.99
45467404000128,2025,2,14807695.92
45467404000128,2025,3,21770578.56
45568546000181,2025,1,129517.18
45568546000181,2025,2,184443.88
45568546000181,2025,3,197306.18
45572583000163,2025,1,21907361.5
45572583000163,2025,2,44243420.53
45572583000163,2025,3,66102333.91
45981176000100,2025,1,13661040.54
45981176000100,2025,2,25515941.1
45981176000100,2025,3,39800415.29
46124624000111,2025,1,733967058.55
46124624000111,2025,2,1549840122.49
46124624000111,2025,3,2385322130.07
46426569000114,2025,1,10834023.47
46426569000114,2025,2,23568362.8
46426569000114,2025,3,40609005.87
46614535000153,2025,1,5128852.61
46614535000153,2025,2,10500838.28
46614535000153,2025,3,15808784.23
47325263000134,2025,1,848570.21
47325263000134,2025,2,1758742.07
47325263000134,2025,3,2026350.15
47432143000136,2025,2,3726339.74
47432143000136,2025,3,7171650.97
47565155000139,2025,1,11509174.61
47565155000139,2025,2,22301747.8
47565155000139,2025,3,33268176.52
48628366000136,2025,1,88104666.43
48628366000136,2025,2,185991846.62
48628366000136,2025,3,282111797.35
48717516000188,2025,1,11518543.22
48717516000188,2025,2,22555053.29
48717516000188,2025,3,33809968.08
48721401000167,2025,1,19424752.98
48721401000167,2025,2,40892509.19
48721401000167,2025,3,63428134.28
48982275000102,2025,2,362424.88
48982275000102,2025,3,1558567.99
49168700000189,2025,1,0.0
49168700000189,2025,2,0.0
49168700000189,2025,3,0.0
49210966000142,2025,1,84920061.47
49210966000142,2025,2,172858038.28
49210966000142,2025,3,265639407.1
49320799000192,2025,1,23187871.73
49320799000192,2025,2,58774072.53
49320799000192,2025,3,96336249.93
49481538000154,2025,1,252458.74
49481538000154,2025,2,46824.57
49481538000154,2025,3,346302.82
49754083000101,2025,1,1940.05
49754083000101,2025,2,4188.95
49754083000101,2025,3,87264.22
49792664000120,2025,1,4823111.7
49792664000120,2025,2,9528289.08
49792664000120,2025,3,6478653.45
49955478000164,2025,1,3307898.92
49955478000164,2025,2,7830911.28
49955478000164,2025,3,13396673.71
50368034000101,2025,1,12214557.38
50368034000101,2025,2,25249570.81
50368034000101,2025,3,39310678.2
50432863000106,2025,1,17911315.86
50432863000106,2025,2,35075235.14
50432863000106,2025,3,53509624.9
50480953000172,2025,1,52519092.22
50480953000172,2025,2,113227731.13
50480953000172,2025,3,180542958.56
50565317000143,2025,2,1197155075.33
50565317000143,2025,3,1800511827.15
50739135000141,2025,1,95209247.46
50739135000141,2025,2,188905557.01
50739135000141,2025,3,285185925.67
50876139000171,2025,1,22232223.09
50876139000171,2025,2,41628415.2
50876139000171,2025,3,67955530.72
51093193000103,2025,1,39431119.43
51093193000103,2025,2,78455114.47
51093193000103,2025,3,121509445.38
51212821000122,2025,1,5582.14
51212821000122,2025,2,42489.27
51212821000122,2025,3,84655.74
51262335000119,2025,1,25919.95
51262335000119,2025,2,68474.5
51262335000119,2025,3,117684.33
51304798000104,2025,1,19879556.17
51304798000104,2025,2,41954394.23
51304798000104,2025,3,65299890.58
51427540000197,2025,1,40847753.3
51427540000197,2025,2,86867929.52
51427540000197,2025,3,129834469.58
51473692000126,2025,1,19734307.55
51473692000126,2025,2,41548469.42
51473692000126,2025,3,64092576.87
51628360000173,2025,1,1941592.52
51628360000173,2025,2,4558960.5
51628360000173,2025,3,6949073.09
52204526000197,2025,1,4283389.41
52204526000197,2025,2,9713997.21
52204526000197,2025,3,15085246.81
52657079000121,2025,1,1612537.09
52657079000121,2025,2,3506367.1
52657079000121,2025,3,5475729.97
52852100000140,2025,1,14199446.3
52852100000140,2025,2,28263780.19
52852100000140,2025,3,44742792.62
53249803000140,2025,1,125920.19
53249803000140,2025,2,177539.47
53249803000140,2025,3,392745.75
53454617000143,2025,1,2644589.97
53454617000143,2025,2,5315723.99
53454617000143,2025,3,7951592.6
53678264000165,2025,1,60416859.41
53678264000165,2025,2,117992153.24
53678264000165,2025,3,178139515.22
54012406000113,2025,1,67637898.84
54012406000113,2025,2,132312800.95
54012406000113,2025,3,201447754.37
54370630000187,2025,1,41785372.2
54370630000187,2025,2,99444680.36
54370630000187,2025,3,161372210.63
54557861000102,2025,1,240338.68
54557861000102,2025,2,763390.55
54557861000102,2025,3,1770977.42
54698763000187,2025,1,0.0
54698763000187,2025,2,0.0
54698763000187,2025,3,0.0
54991211000162,2025,1,29005674.43
54991211000162,2025,2,59413508.81
54991211000162,2025,3,89704349.77
55189930000127,2025,1,11027809.05
55189930000127,2025,2,24071189.44
55189930000127,2025,3,38481517.96
55990451000105,2025,1,4203471.04
55990451000105,2025,2,10363465.64
55990451000105,2025,3,16601349.03
56269913000162,2025,1,8554336.25
56269913000162,2025,2,17598466.37
56269913000162,2025,3,26035595.41
56384183000140,2025,1,26362019.42
56384183000140,2025,2,56410643.92
56384183000140,2025,3,91689334.22
56727134000163,2025,1,103538271.68
56727134000163,2025,2,222898873.57
56727134000163,2025,3,349466221.52
56762172000157,2025,1,11108192.56
56762172000157,2025,2,22474743.9
56762172000157,2025,3,35182259.23
57149775000140,2025,1,16469547.46
57149775000140,2025,2,34321821.64
57149775000140,2025,3,51426626.35
57214900000159,2025,1,16410418.0
57214900000159,2025,2,35078427.44
57214900000159,2025,3,54613917.9
57272510000135,2025,1,5185012.86
57272510000135,2025,2,10724277.58
57272510000135,2025,3,16943984.15
57746455000178,2025,1,0.0
57746455000178,2025,2,0.0
57746455000178,2025,3,0.0
58119199000151,2025,1,164878813.67
58119199000151,2025,2,344095054.38
58119199000151,2025,3,549197675.81
58229691000180,2025,1,203235488.18
58229691000180,2025,2,424086492.19
58229691000180,2025,3,657186831.91
58434577000191,2025,2,0.0
58434577000191,2025,3,0.0
58554194000157,2025,3,0.0
58702853000155,2025,1,1552783.22
58702853000155,2025,2,3482190.35
58702853000155,2025,3,5482338.74
58837188000107,2025,1,69841949.11
58837188000107,2025,2,141703044.4
58837188000107,2025,3,216698386.76
59007799000190,2025,1,2938905.88
59007799000190,2025,2,6135987.2
59007799000190,2025,3,10091479.91
59452478000103,2025,3,40578.82
59499251000105,2025,1,11926751.98
59499251000105,2025,2,24812556.04
59499251000105,2025,3,37667682.48
59527440000144,2025,1,1377650.17
59527440000144,2025,2,2929651.58
59527440000144,2025,3,4489685.47
59641573000147,2025,3,0.0
59762062000183,2025,1,6407809.12
59762062000183,2025,2,12261047.37
59762062000183,2025,3,18600082.65
59766105000107,2025,1,929200.72
59766105000107,2025,2,2009974.72
59766105000107,2025,3,3105866.87
59847780000152,2025,1,59455534.98
59847780000152,2025,2,123601124.74
59847780000152,2025,3,191973932.28
59849182000112,2025,1,14961508.1
59849182000112,2025,2,32952071.76
59849182000112,2025,3,50316354.72
59901454000186,2025,1,5754950.58
59901454000186,2025,2,12387997.38
59901454000186,2025,3,18863813.92
60214517000105,2025,1,155893583.45
60214517000105,2025,2,321175784.98
60214517000105,2025,3,493505594.06
60499365000134,2025,1,17099464.49
60499365000134,2025,2,35021919.47
60499365000134,2025,3,56864346.84
60633369000163,2025,1,53688518.88
60633369000163,2025,2,111525315.5
60633369000163,2025,3,172182117.04
60961422000155,2025,1,68954286.56
60961422000155,2025,2,145464612.84
60961422000155,2025,3,226608243.97
60975174000100,2025,1,169576703.73
60975174000100,2025,2,341876341.75
60975174000100,2025,3,516405096.06
62231527000184,2025,1,269066965.79
62231527000184,2025,2,568147529.45
62231527000184,2025,3,896361882.13
62465117000106,2025,1,364078213.34
62465117000106,2025,2,784078399.3
62465117000106,2025,3,1205277865.35
62476676000103,2025,1,9660599.3
62476676000103,2025,2,20166934.09
62476676000103,2025,3,33493963.56
62511019000150,2025,1,76860965.34
62511019000150,2025,2,154330703.92
62511019000150,2025,3,230068808.69
62550256000120,2025,1,218357384.43
62550256000120,2025,2,463184706.76
62550256000120,2025,3,702951195.6
62635990000191,2025,1,79274881.76
62635990000191,2025,2,165782544.0
62635990000191,2025,3,255626466.56
62638374000194,2025,1,192029482.97
62638374000194,2025,2,397267913.01
62638374000194,2025,3,609816851.75
63367700000139,2025,1,24715870.98
63367700000139,2025,2,47848243.98
63367700000139,2025,3,73888738.05
63554067000198,2025,1,2237412102.98
63554067000198,2025,2,5321963752.13
63554067000198,2025,3,7758438096.48
64327059000171,2025,1,11037437.84
64327059000171,2025,2,20769407.11
64327059000171,2025,3,33701793.91
64388812000139,2025,1,6745701.11
64388812000139,2025,2,14274947.07
64388812000139,2025,3,21611615.58
64924095000112,2025,1,49698090.18
64924095000112,2025,2,102694500.88
64924095000112,2025,3,157841647.66
65276354000109,2025,1,19335150.68
65276354000109,2025,2,39646106.14
65276354000109,2025,3,63938499.39
65422339000121,2025,1,54264277.3
65422339000121,2025,2,110436018.94
65422339000121,2025,3,175420552.71
65442162000125,2025,1,1532924.66
65442162000125,2025,2,3162872.22
65442162000125,2025,3,4987558.38
65732836000126,2025,1,13843328.11
65732836000126,2025,2,28380794.05
65732836000126,2025,3,42009205.62
66191263000133,2025,1,20291586.39
66191263000133,2025,2,42490140.73
66191263000133,2025,3,67881344.81
66343534000129,2025,1,10402720.36
66343534000129,2025,2,21543354.74
66343534000129,2025,3,33325017.72
66343559000122,2025,1,34219703.8
66343559000122,2025,2,69770489.64
66343559000122,2025,3,107878204.12
66453168000160,2025,1,7087338.17
66453168000160,2025,2,13753417.87
66453168000160,2025,3,21903269.05
66477217000103,2025,1,15986586.53
66477217000103,2025,2,32854366.97
66477217000103,2025,3,51636180.86
66491036000123,2025,1,1219017.36
66491036000123,2025,2,2052948.83
66491036000123,2025,3,2951436.44
66493339000185,2025,1,902576.17
66493339000185,2025,2,1599671.16
66493339000185,2025,3,3621592.46
66854779000110,2025,1,21381591.99
66854779000110,2025,2,44461237.13
66854779000110,2025,3,72550823.99
66872888000160,2025,1,81792709.21
66872888000160,2025,2,171855305.63
66872888000160,2025,3,265500541.94
66916305000156,2025,1,6258289.07
66916305000156,2025,2,11773260.33
66916305000156,2025,3,19151784.17
67417519000140,2025,1,19511623.74
67417519000140,2025,2,40813292.95
67417519000140,2025,3,59890199.49
67577171000159,2025,1,7272764.04
67577171000159,2025,2,15217434.4
67577171000159,2025,3,23111335.03
67839969000121,2025,1,20181647.42
67839969000121,2025,2,37501515.75
67839969000121,2025,3,54739285.7
68204486000113,2025,1,7763656.15
68204486000113,2025,2,14860834.48
68204486000113,2025,3,23979498.25
68668045000172,2025,1,28854111.64
68668045000172,2025,2,56984978.57
68668045000172,2025,3,84540282.47
68682715000105,2025,1,8188441.83
68682715000105,2025,2,15805941.1
68682715000105,2025,3,22117501.76
68687722000108,2025,1,90940.11
68687722000108,2025,2,217777.61
68687722000108,2025,3,365537.8
68709211000131,2025,1,25730239.27
68709211000131,2025,2,56167832.77
68709211000131,2025,3,88769778.33
69015113000167,2025,1,2027886.48
69015113000167,2025,2,4443066.6
69015113000167,2025,3,6933909.5
69087922000184,2025,1,15657912.34
69087922000184,2025,2,30009428.52
69087922000184,2025,3,46354582.89
69099307000198,2025,1,251416.72
69099307000198,2025,2,554175.16
69099307000198,2025,3,825783.87
69259356000140,2025,1,50304469.15
69259356000140,2025,2,101402556.27
69259356000140,2025,3,155226358.56
69289171000189,2025,2,15034284.94
69289171000189,2025,3,20458826.55
69612158000119,2025,1,3534694.43
69612158000119,2025,2,6745471.91
69612158000119,2025,3,10732633.78
70094578000130,2025,1,2039707.43
70094578000130,2025,2,4160277.75
70094578000130,2025,3,6286214.89
70523899000102,2025,1,13397734.89
70523899000102,2025,2,26558446.92
70523899000102,2025,3,39065238.89
71063853000110,2025,1,14803024.07
71063853000110,2025,2,28495124.67
71063853000110,2025,3,43700437.67
71064539000152,2025,1,5754603.6
71064539000152,2025,2,12756721.43
71064539000152,2025,3,22317147.2
71186886000158,2025,1,4517679.06
71186886000158,2025,2,8717715.04
71186886000158,2025,3,14158542.98
71499792000139,2025,1,8922170.38
71499792000139,2025,2,17663384.22
71499792000139,2025,3,28013289.33
71559272000174,2025,1,9757129.18
71559272000174,2025,2,21054355.5
71559272000174,2025,3,32595645.69
71565659000133,2025,1,1938497.85
71565659000133,2025,2,3991639.35
71565659000133,2025,3,6186434.73
71695746000105,2025,1,20298131.02
71695746000105,2025,2,39358062.08
71695746000105,2025,3,57950655.55
71753297000104,2025,1,2268864.04
71753297000104,2025,2,5071724.85
71753297000104,2025,3,7845656.88
71925531000133,2025,1,11836322.2
71925531000133,2025,2,25411657.05
71925531000133,2025,3,40244154.64
72120124000111,2025,1,834787.73
72120124000111,2025,2,1857523.92
72120124000111,2025,3,2674955.91
72127210000156,2025,1,7167731.59
72127210000156,2025,2,15097426.12
72127210000156,2025,3,22893415.38
72234164000194,2025,1,4075805.09
72234164000194,2025,2,8253237.64
72234164000194,2025,3,11781113.06
72350382000194,2025,1,4039046.38
72350382000194,2025,2,7846185.33
72350382000194,2025,3,11900423.79
72547623000190,2025,1,2400976.28
72547623000190,2025,2,4274426.66
72547623000190,2025,3,6537741.3
72783970000111,2025,1,23629570.34
72783970000111,2025,2,49745661.55
72783970000111,2025,3,77936042.79
72916364000127,2025,1,1699489.76
72916364000127,2025,2,3421666.04
72916364000127,2025,3,5078171.33
72918287000144,2025,1,7756918.99
72918287000144,2025,2,14991126.78
72918287000144,2025,3,23556806.29
72957814000120,2025,1,11095298.53
72957814000120,2025,2,22438406.43
72957814000120,2025,3,34497210.01
73162760000179,2025,1,9347029.92
73162760000179,2025,2,19751555.95
73162760000179,2025,3,31089023.19
73395469000140,2025,1,31969866.09
73395469000140,2025,2,66801643.63
73395469000140,2025,3,103379946.3
73565319000138,2025,1,1980316.14
73565319000138,2025,2,4541562.43
73565319000138,2025,3,6639891.78
73809352000166,2025,1,523884337.14
73809352000166,2025,2,1094488681.21
73809352000166,2025,3,1695873845.46
73936395000102,2025,1,33784242.51
73936395000102,2025,2,69559647.26
73936395000102,2025,3,111417356.19
73967085000155,2025,1,95707596.61
73967085000155,2025,2,201701701.87
73967085000155,2025,3,318588778.77
74466137000172,2025,1,56579286.04
74466137000172,2025,2,122189741.77
74466137000172,2025,3,188363295.87
74521188000150,2025,1,24068168.69
74521188000150,2025,2,54146881.87
74521188000150,2025,3,86564584.43
75003525000180,2025,1,26041769.71
75003525000180,2025,2,54001169.81
75003525000180,2025,3,82449193.43
75054940000162,2025,1,82005527.72
75054940000162,2025,2,169140759.33
75054940000162,2025,3,256078391.66
75055772000120,2025,1,748372943.59
75055772000120,2025,2,1570957445.64
75055772000120,2025,3,2463946680.97
75222224000147,2025,1,250136910.73
75222224000147,2025,2,498513834.93
75222224000147,2025,3,773795295.8
76590884000143,2025,1,142581327.02
76590884000143,2025,2,297333432.24
76590884000143,2025,3,465709974.66
76767219000182,2025,1,189073136.2
76767219000182,2025,2,384708012.62
76767219000182,2025,3,603653817.53
76882612000117,2025,1,164452269.46
76882612000117,2025,2,372255298.5
76882612000117,2025,3,557379598.59
77375897000162,2025,1,54412445.11
77375897000162,2025,2,85910621.07
77375897000162,2025,3,132672755.59
77781706000162,2025,1,78313550.58
77781706000162,2025,2,164057710.16
77781706000162,2025,3,254777293.13
77858611000108,2025,1,281513464.45
77858611000108,2025,2,593578726.41
77858611000108,2025,3,933735045.07
77893469000121,2025,1,637492.58
77893469000121,2025,2,694498.78
77893469000121,2025,3,694498.78
78044815000160,2025,1,28454734.58
78044815000160,2025,2,58070356.2
78044815000160,2025,3,92121812.49
78304672000188,2025,1,1797608.68
78304672000188,2025,2,3480514.33
78304672000188,2025,3,4963282.52
78339439000130,2025,1,156380661.87
78339439000130,2025,2,315536094.14
78339439000130,2025,3,502763953.6
78420783000150,2025,1,22751546.13
78420783000150,2025,2,46797483.79
78420783000150,2025,3,73846559.63
78613841000161,2025,1,45638422.88
78613841000161,2025,2,100018909.29
78613841000161,2025,3,157202442.02
78738101000151,2025,1,14295423.68
78738101000151,2025,2,28439641.78
78738101000151,2025,3,44978313.99
78931391000155,2025,1,48096257.97
78931391000155,2025,2,102426115.14
78931391000155,2025,3,162989562.81
78953023000108,2025,1,15822774.97
78953023000108,2025,2,34863050.55
78953023000108,2025,3,54061586.04
79115762000193,2025,1,30826123.79
79115762000193,2025,2,66189401.96
79115762000193,2025,3,104590366.1
79831608000118,2025,1,30663429.02
79831608000118,2025,2,63668928.53
79831608000118,2025,3,99969811.19
80297161000128,2025,1,9339469.38
80297161000128,2025,2,17667871.55
80297161000128,2025,3,28295615.51
80525652000189,2025,1,8909998.65
80525652000189,2025,2,18174217.92
80525652000189,2025,3,28565682.16
80653975000158,2025,1,17797777.18
80653975000158,2025,2,36737829.18
80653975000158,2025,3,54798908.65
80871551000160,2025,1,43849936.43
80871551000160,2025,2,90329400.04
80871551000160,2025,3,136490019.79
81064511000179,2025,1,22777829.02
81064511000179,2025,2,46823265.49
81064511000179,2025,3,70897606.69
81076069000109,2025,1,23954745.69
81076069000109,2025,2,50038078.77
81076069000109,2025,3,78084221.99
81170003000175,2025,1,120972273.99
81170003000175,2025,2,248909281.99
81170003000175,2025,3,386181669.87
81710543000102,2025,1,20513161.55
81710543000102,2025,2,45085886.25
81710543000102,2025,3,72329783.97
81710865000143,2025,1,15650515.86
81710865000143,2025,2,34503574.49
81710865000143,2025,3,56734977.9
81715716000177,2025,1,37615752.31
81715716000177,2025,2,76592114.89
81715716000177,2025,3,118061681.95
81733115000197,2025,1,11539294.63
81733115000197,2025,2,24641486.35
81733115000197,2025,3,38714962.51
82239476000144,2025,1,1089676.35
82239476000144,2025,2,2332716.4
82239476000144,2025,3,3574500.04
82353079000107,2025,1,16646744.58
82353079000107,2025,2,36081383.6
82353079000107,2025,3,56539542.06
82602327000106,2025,1,140101664.97
82602327000106,2025,2,291783449.5
82602327000106,2025,3,448106711.89
82624776000147,2025,1,165952615.89
82624776000147,2025,2,348316913.49
82624776000147,2025,3,547591438.53
82956996000178,2025,1,50566835.02
82956996000178,2025,2,113339183.12
82956996000178,2025,3,175221159.48
82996703000186,2025,1,70412474.69
82996703000186,2025,2,152730545.52
82996703000186,2025,3,238043635.1
83367342000171,2025,1,38201727.44
83367342000171,2025,2,64488619.52
83367342000171,2025,3,107815721.09
83506030000100,2025,1,57502692.66
83506030000100,2025,2,126204442.79
83937631000169,2025,1,25883369.57
83937631000169,2025,2,52754149.64
83937631000169,2025,3,79020326.76
84112481000117,2025,3,36918032.69
84313741000112,2025,1,50162417.12
84313741000112,2025,2,97869421.37
84313741000112,2025,3,148817003.55
84537141000138,2025,1,90890953.58
84537141000138,2025,2,193003900.93
84537141000138,2025,3,291735114.05
85177194000158,2025,1,14434089.38
85177194000158,2025,2,28076793.35
85177194000158,2025,3,43119382.85
85241339000132,2025,1,38063370.34
85241339000132,2025,2,82650848.94
85241339000132,2025,3,132279478.68
85246916000189,2025,1,9578642.82
85246916000189,2025,2,20612125.09
85246916000189,2025,3,34893158.75
85283299000191,2025,1,53079685.47
85283299000191,2025,2,118438971.85
85283299000191,2025,3,186476790.48
85377174000120,2025,1,120297038.66
85377174000120,2025,2,250798498.49
85377174000120,2025,3,398578039.15
86483542000188,2025,1,3955105.21
86483542000188,2025,2,8262596.31
86483542000188,2025,3,12953599.93
86584901000193,2025,1,3975337.69
86584901000193,2025,2,8163449.28
86584901000193,2025,3,13125764.23
87096616000196,2025,1,851988499.85
87096616000196,2025,2,1793319563.96
87096616000196,2025,3,2807140036.21
87158507000156,2025,1,70120455.42
87158507000156,2025,2,145430299.19
87158507000156,2025,3,227670425.26
87300448000109,2025,1,135438392.8
87300448000109,2025,2,288261820.87
87300448000109,2025,3,445493766.69
87306361000149,2025,1,30683296.16
87306361000149,2025,2,66801433.15
87306361000149,2025,3,97555159.95
87497368000195,2025,1,63831016.35
87497368000195,2025,2,131388109.08
87497368000195,2025,3,203162269.55
87547444000120,2025,1,52576876.21
87547444000120,2025,2,117755338.54
87547444000120,2025,3,188117731.42
87607149000111,2025,1,40914121.83
87607149000111,2025,2,82453904.7
87607149000111,2025,3,124976371.79
87638334000173,2025,1,21151030.95
87638334000173,2025,2,42811766.22
87638334000173,2025,3,63540138.0
87647756000105,2025,1,47107424.96
87647756000105,2025,2,99267795.01
87647756000105,2025,3,150897358.14
87689527000153,2025,1,20022424.05
87689527000153,2025,2,41031301.71
87689527000153,2025,3,65193145.45
87701249000102,2025,1,26637627.99
87701249000102,2025,2,53333951.92
87701249000102,2025,3,80013244.36
87827689000100,2025,1,238177897.83
87827689000100,2025,2,502540169.29
87827689000100,2025,3,789562113.14
88258884000120,2025,1,98987030.79
88258884000120,2025,2,208412623.73
88258884000120,2025,3,323561866.82
88645403000139,2025,1,67168473.46
88645403000139,2025,2,133457427.11
88645403000139,2025,3,207270429.13
88732318000108,2025,1,13146366.8
88732318000108,2025,2,26844963.25
88732318000108,2025,3,42695223.99
88938089000182,2025,1,3954909.93
88938089000182,2025,2,9249481.51
88938089000182,2025,3,16242543.19
89100135000132,2025,1,7639796.37
89100135000132,2025,2,16690374.25
89100135000132,2025,3,27793332.2
89640452000141,2025,1,8193213.08
89640452000141,2025,2,16736802.08
89640452000141,2025,3,26327135.45
89761670000134,2025,1,3526107.01
89761670000134,2025,2,7004477.57
89761670000134,2025,3,10391658.52
89870547000151,2025,1,50162582.39
89870547000151,2025,2,102361428.76
89870547000151,2025,3,160989041.33
90619818000180,2025,1,4217950.77
90619818000180,2025,2,8694164.83
90619818000180,2025,3,12639124.29
90747908000156,2025,1,16994463.06
90747908000156,2025,2,37010167.36
90747908000156,2025,3,57226041.34
92128610000193,2025,1,19215848.32
92128610000193,2025,2,33327157.46
92128610000193,2025,3,45585846.42
92219070000153,2025,1,4767060.24
92219070000153,2025,2,9498602.3
92219070000153,2025,3,15233340.95
92240605000178,2025,1,2485208.98
92240605000178,2025,2,6535127.64
92240605000178,2025,3,13298791.72
92316124000107,2025,1,6406115.28
92316124000107,2025,2,13139705.05
92316124000107,2025,3,20579153.67
92693118000160,2025,1,7457669173.86
92693118000160,2025,2,15580421309.02
92693118000160,2025,3,24116517223.0
92741016000173,2025,1,23245064.99
92741016000173,2025,2,46133390.26
92741016000173,2025,3,67810657.23
92827666000136,2025,1,14305920.69
92827666000136,2025,2,30148713.41
92827666000136,2025,3,52966648.0
92911056000116,2025,1,456873.43
92911056000116,2025,2,1060725.2
92911056000116,2025,3,1793692.4
93507895000136,2025,1,124677.97
93507895000136,2025,2,256616.39
93507895000136,2025,3,374581.83
95642179000197,2025,1,99279266.97
95642179000197,2025,2,194996159.54
95642179000197,2025,3,286564805.93
96182068000108,2025,1,7882867.65
96182068000108,2025,2,17010267.8
96182068000108,2025,3,26496738.32
96396395000162,2025,1,2740739.84
96396395000162,2025,2,5917346.12
96396395000162,2025,3,9278320.41
96509690000188,2025,1,48340989.73
96509690000188,2025,2,97444857.47
96509690000188,2025,3,146384165.34
97388490000187,2025,1,32602982.87
97388490000187,2025,2,68786259.63
97388490000187,2025,3,108637217.33
97403778000183,2025,1,5965.44
97403778000183,2025,3,56469.49
